threshold,net_cum,cost0_cum,Sharpe,MaxDD,pos_years,annualized,ON_share,trades,2010-2017_net,2018-2026_net,composite_mean,composite_std,composite_positive_share
-0.2,1.02128620381291,1.1435497860841397,0.34651678156753457,-0.3392346174957135,4,0.04809868103722037,0.29508196721311475,90,0.0,1.02128620381291,-0.22008966303812005,0.5317946006029692,0.4375
-0.1,1.0278448541003073,1.1288669005414995,0.3699827913567774,-0.3392346174957134,4,0.048325362358622836,0.2459016393442623,75,0.0,1.0278448541003073,-0.22008966303812005,0.5317946006029692,0.4375
0.0,1.2906841868750734,1.397144393892741,0.48422119520674023,-0.23673459774712757,4,0.05688921504561084,0.22950819672131148,70,0.0,1.2906841868750734,-0.22008966303812005,0.5317946006029692,0.4375
0.1,1.1277032286836755,1.211784075726539,0.4704346395631132,-0.23673459774712757,4,0.05169471490382094,0.19672131147540983,60,0.0,1.1277032286836755,-0.22008966303812005,0.5317946006029692,0.4375
0.2,0.503614974972816,0.5478772935349889,0.28286169332397637,-0.266477947631111,3,0.027601550056027824,0.14754098360655737,45,0.0,0.503614974972816,-0.22008966303812005,0.5317946006029692,0.4375
