multiplier,is_total_return,oos_total_return,full_total_return,cost_paid_total
0.0,-0.6434911731902361,1.6595586314693742,-0.06499663181235271,0.0
1.0,-0.8401740487499133,0.6406402142897907,-0.7414261730523879,0.4448673583808787
2.0,-0.9286174570779422,0.009809365117319446,-0.9289202576444962,0.612552200886233
3.0,-0.9682397984770311,-0.37988100684138504,-0.9805793764515442,0.6902655781574483
