{
  "A002_replay": {
    "full": {
      "annualized_return": 0.00852522821052304,
      "annualized_volatility": 0.2937787560084266,
      "average_holding_period": 19.84313725490196,
      "average_trade_return": 0.004687556918147789,
      "cost_paid_total": 0.2534027001510222,
      "exposure_ratio": 0.9903762250390749,
      "hit_rate": 0.47058823529411764,
      "max_consecutive_losses": 12,
      "max_drawdown": -0.6907185763253032,
      "median_trade_return": -0.0063992643224975755,
      "profit_factor": 1.1008018232858374,
      "return_after_cost": 0.07131800296525515,
      "return_before_cost": 0.3247207031162773,
      "sharpe": 0.029019212710801,
      "total_return": 0.07131800296525515,
      "trade_count": 510,
      "turnover": 102.11865207942868
    },
    "is": {
      "annualized_return": -0.07980848537368068,
      "annualized_volatility": 0.2884961553396081,
      "average_holding_period": 20.0,
      "average_trade_return": -0.0034564144180707465,
      "cost_paid_total": 0.16079252997760884,
      "exposure_ratio": 0.9844108328313899,
      "hit_rate": 0.4557377049180328,
      "max_consecutive_losses": 11,
      "max_drawdown": -0.6907185763253032,
      "median_trade_return": -0.009978683035714317,
      "profit_factor": 0.9303728063591763,
      "return_after_cost": -0.3341066902319463,
      "return_before_cost": -0.17331416025433743,
      "sharpe": -0.27663621818368006,
      "total_return": -0.3341066902319463,
      "trade_count": 305,
      "turnover": 61.04506862670438
    },
    "oos": {
      "annualized_return": 0.17616704818995044,
      "annualized_volatility": 0.300537874484341,
      "average_holding_period": 19.609756097560975,
      "average_trade_return": 0.01680419719886317,
      "cost_paid_total": 0.09261017017341333,
      "exposure_ratio": 0.9994160321729838,
      "hit_rate": 0.4926829268292683,
      "max_consecutive_losses": 12,
      "max_drawdown": -0.36196125535275736,
      "median_trade_return": -0.0019928571428571187,
      "profit_factor": 1.4017025964635872,
      "return_after_cost": 0.6878989469712755,
      "return_before_cost": 0.8338095060040491,
      "sharpe": 0.5861725364638836,
      "total_return": 0.6878989469712755,
      "trade_count": 205,
      "turnover": 41.16482984447651
    }
  },
  "B0": {
    "full": {
      "annualized_return": 0.0,
      "annualized_volatility": 0.0,
      "average_holding_period": NaN,
      "average_trade_return": NaN,
      "cost_paid_total": 0.0,
      "exposure_ratio": 0.0,
      "hit_rate": 0.0,
      "max_consecutive_losses": 0,
      "max_drawdown": 0.0,
      "median_trade_return": NaN,
      "profit_factor": NaN,
      "return_after_cost": 0.0,
      "return_before_cost": 0.0,
      "sharpe": NaN,
      "total_return": 0.0,
      "trade_count": 0,
      "turnover": 0.0
    },
    "is": {
      "annualized_return": 0.0,
      "annualized_volatility": 0.0,
      "average_holding_period": NaN,
      "average_trade_return": NaN,
      "cost_paid_total": 0.0,
      "exposure_ratio": 0.0,
      "hit_rate": 0.0,
      "max_consecutive_losses": 0,
      "max_drawdown": 0.0,
      "median_trade_return": NaN,
      "profit_factor": NaN,
      "return_after_cost": 0.0,
      "return_before_cost": 0.0,
      "sharpe": NaN,
      "total_return": 0.0,
      "trade_count": 0,
      "turnover": 0.0
    },
    "oos": {
      "annualized_return": 0.0,
      "annualized_volatility": 0.0,
      "average_holding_period": NaN,
      "average_trade_return": NaN,
      "cost_paid_total": 0.0,
      "exposure_ratio": 0.0,
      "hit_rate": 0.0,
      "max_consecutive_losses": 0,
      "max_drawdown": 0.0,
      "median_trade_return": NaN,
      "profit_factor": NaN,
      "return_after_cost": 0.0,
      "return_before_cost": 0.0,
      "sharpe": NaN,
      "total_return": 0.0,
      "trade_count": 0,
      "turnover": 0.0
    }
  },
  "B1": {
    "full": {
      "annualized_return": 0.0,
      "annualized_volatility": 0.0,
      "average_holding_period": NaN,
      "average_trade_return": NaN,
      "cost_paid_total": 0.0,
      "exposure_ratio": 0.0,
      "hit_rate": 0.0,
      "max_consecutive_losses": 0,
      "max_drawdown": 0.0,
      "median_trade_return": NaN,
      "profit_factor": NaN,
      "return_after_cost": 0.0,
      "return_before_cost": 0.0,
      "sharpe": NaN,
      "total_return": 0.0,
      "trade_count": 0,
      "turnover": 0.0
    },
    "is": {
      "annualized_return": 0.0,
      "annualized_volatility": 0.0,
      "average_holding_period": NaN,
      "average_trade_return": NaN,
      "cost_paid_total": 0.0,
      "exposure_ratio": 0.0,
      "hit_rate": 0.0,
      "max_consecutive_losses": 0,
      "max_drawdown": 0.0,
      "median_trade_return": NaN,
      "profit_factor": NaN,
      "return_after_cost": 0.0,
      "return_before_cost": 0.0,
      "sharpe": NaN,
      "total_return": 0.0,
      "trade_count": 0,
      "turnover": 0.0
    },
    "oos": {
      "annualized_return": 0.0,
      "annualized_volatility": 0.0,
      "average_holding_period": NaN,
      "average_trade_return": NaN,
      "cost_paid_total": 0.0,
      "exposure_ratio": 0.0,
      "hit_rate": 0.0,
      "max_consecutive_losses": 0,
      "max_drawdown": 0.0,
      "median_trade_return": NaN,
      "profit_factor": NaN,
      "return_after_cost": 0.0,
      "return_before_cost": 0.0,
      "sharpe": NaN,
      "total_return": 0.0,
      "trade_count": 0,
      "turnover": 0.0
    }
  },
  "B2": {
    "full": {
      "annualized_return": -0.037133714965976394,
      "annualized_volatility": 0.1867394894519057,
      "average_holding_period": 53.191839420862124,
      "average_trade_return": 0.006693754259651167,
      "cost_paid_total": 0.035844672926958705,
      "exposure_ratio": 0.9277630382197749,
      "hit_rate": 0.4442250740375123,
      "max_consecutive_losses": 27,
      "max_drawdown": -0.3311005234762283,
      "median_trade_return": -0.013609322740421386,
      "profit_factor": 1.096783427220608,
      "return_after_cost": -0.26440863260051906,
      "return_before_cost": -0.22856395967356036,
      "sharpe": -0.1988530389312224,
      "total_return": -0.26440863260051906,
      "trade_count": 3039,
      "turnover": 13.156414044265437
    },
    "is": {
      "annualized_return": NaN,
      "annualized_volatility": 0.1867394894519057,
      "average_holding_period": 53.191839420862124,
      "average_trade_return": 0.006693754259651167,
      "cost_paid_total": 0.035844672926958705,
      "exposure_ratio": 0.9311865180656043,
      "hit_rate": 0.4442250740375123,
      "max_consecutive_losses": 27,
      "max_drawdown": -0.3311005234762283,
      "median_trade_return": -0.013609322740421386,
      "profit_factor": 1.096783427220608,
      "return_after_cost": NaN,
      "return_before_cost": NaN,
      "sharpe": NaN,
      "total_return": NaN,
      "trade_count": 3039,
      "turnover": 13.150429759048935
    },
    "oos": {
      "annualized_return": NaN,
      "annualized_volatility": NaN,
      "average_holding_period": NaN,
      "average_trade_return": NaN,
      "cost_paid_total": 0.0,
      "exposure_ratio": 0.0,
      "hit_rate": 0.0,
      "max_consecutive_losses": 0,
      "max_drawdown": 0.0,
      "median_trade_return": NaN,
      "profit_factor": NaN,
      "return_after_cost": NaN,
      "return_before_cost": NaN,
      "sharpe": NaN,
      "total_return": NaN,
      "trade_count": 0,
      "turnover": 0.0
    }
  },
  "B3": {
    "full": {
      "annualized_return": -0.7531271698021563,
      "annualized_volatility": 0.6796434119195311,
      "average_holding_period": 4.9911111111111115,
      "average_trade_return": -0.023765414055093484,
      "cost_paid_total": 0.1516072823851699,
      "exposure_ratio": 0.9862779805765779,
      "hit_rate": 0.36098765432098767,
      "max_consecutive_losses": 17,
      "max_drawdown": -0.9999958781983217,
      "median_trade_return": -0.04332742474916385,