strategy,total_return,cagr,sharpe,mdd,excess_cagr_vs_spy,cagr_delta_vs_full
Q002,11.253409632383494,0.1955654366316777,1.0799620901550842,-0.27772176415725813,0.0479888919208975,0.0
Q002_ex_mag7,9.090021935317562,0.17912443569133263,1.0572822378498057,-0.28362912020985354,0.03154789098055244,-0.016441000940345063
Q006,10.512327219829062,0.19026056106877176,1.1294860608700557,-0.2837524375605688,0.04268401635799157,0.0
Q006_ex_mag7,7.116711361152076,0.1609743255381464,1.004940366744274,-0.2978880336214079,0.013397780827366201,-0.02928623553062537
