strategy,total_return,cagr,sharpe,mdd,excess_cagr_vs_spy
survivor_99_ew,11.809015657969306,0.19935061238202545,1.1543869094649697,-0.3248624955413292,0.05177406767124526
SPY_100,5.897025841594173,0.1475765447107802,0.9094998275902398,-0.337172402602658,0.0
