year,period,f1_baseline_net_total_return,f2_promote_net_total_return,f2_minus_f1_net_total_return,f2_wins_f1
2018,is,-0.283590531813635,-0.3076613684285946,-0.024070836614959568,False
2019,is,-0.05635021481507374,0.03557949019354312,0.09192970500861686,True
2020,is,-0.26275874947926525,-0.2996108677339523,-0.03685211825468704,False
2021,is,-0.3594261733079215,-0.33981211879224693,0.01961405451567455,True
2022,is,-0.3606627532333402,-0.39121343296216227,-0.030550679728822083,False
2023,oos,0.04512727395579974,0.06981563292235493,0.02468835896655519,True
2024,oos,-0.23428521960912174,-0.25920432685370665,-0.024919107244584904,False
2025,oos,0.9144378803285935,1.0702554455706892,0.15581756524209567,True
2026,oos,0.07851529081201702,0.13390762863434125,0.05539233782232422,True
