{
  "cost_0_f1_baseline": {
    "full": {
      "annualized_return": 0.03186615483120714,
      "annualized_volatility": 0.27437037812508885,
      "average_holding_period": 5.285415577626765,
      "average_trade_return": 0.0014369447865789817,
      "cost_paid_total": 0.0,
      "exposure_ratio": 0.9992796296642904,
      "hit_rate": 0.4343962362780972,
      "max_consecutive_losses": 13,
      "max_drawdown": -0.5834164158042744,
      "median_trade_return": -0.006109979633401208,
      "profit_factor": 1.0661498309818473,
      "return_after_cost": 0.2898960454008055,
      "return_before_cost": 0.2898960454008055,
      "sharpe": 0.11614283964969048,
      "total_return": 0.2898960454008055,
      "trade_count": 1913,
      "turnover": 382.2755076560775
    },
    "is": {
      "annualized_return": -0.14875048387000644,
      "annualized_volatility": 0.267806641576612,
      "average_holding_period": 5.103448275862069,
      "average_trade_return": -0.002672221212670788,
      "cost_paid_total": 0.0,
      "exposure_ratio": 0.9924753867635971,
      "hit_rate": 0.4272497897392767,
      "max_consecutive_losses": 13,
      "max_drawdown": -0.5544794825229544,
      "median_trade_return": -0.00649350649350644,
      "profit_factor": 0.8793820766661631,
      "return_after_cost": -0.5449534267055618,
      "return_before_cost": -0.5449534267055618,
      "sharpe": -0.5554398613652496,
      "total_return": -0.5449534267055618,
      "trade_count": 1189,
      "turnover": 237.9781026694298
    },
    "oos": {
      "annualized_return": 0.3871978160774463,
      "annualized_volatility": 0.28324573858694596,
      "average_holding_period": 5.584254143646409,
      "average_trade_return": 0.008185285080927016,
      "cost_paid_total": 0.0,
      "exposure_ratio": 1.0095906102960912,
      "hit_rate": 0.44613259668508287,
      "max_consecutive_losses": 11,
      "max_drawdown": -0.31787696244318553,
      "median_trade_return": -0.005561462505975612,
      "profit_factor": 1.3895276448431795,
      "return_after_cost": 1.874521364185866,
      "return_before_cost": 1.874521364185866,
      "sharpe": 1.3670031471933015,
      "total_return": 1.874521364185866,
      "trade_count": 724,
      "turnover": 143.07865307939443
    }
  },
  "cost_0_f2_promote": {
    "full": {
      "annualized_return": 0.04544349185069718,
      "annualized_volatility": 0.27577688074863904,
      "average_holding_period": 5.326831839746969,
      "average_trade_return": 0.0017295863932141667,
      "cost_paid_total": 0.0,
      "exposure_ratio": 0.9984312719326474,
      "hit_rate": 0.43595150237216657,
      "max_consecutive_losses": 13,
      "max_drawdown": -0.5959986705878673,
      "median_trade_return": -0.006109979633401208,
      "profit_factor": 1.0802932440936,
      "return_after_cost": 0.43425246030306175,
      "return_before_cost": 0.43425246030306175,
      "sharpe": 0.1647835443179058,
      "total_return": 0.43425246030306175,
      "trade_count": 1897,
      "turnover": 379.1890031354088
    },
    "is": {
      "annualized_return": -0.15059773338179883,
      "annualized_volatility": 0.2639500734158034,
      "average_holding_period": 5.156462585034014,
      "average_trade_return": -0.0027888767313905658,
      "cost_paid_total": 0.0,
      "exposure_ratio": 0.9915718612751172,
      "hit_rate": 0.42517006802721086,
      "max_consecutive_losses": 13,
      "max_drawdown": -0.5711401264358924,
      "median_trade_return": -0.006652702383762088,
      "profit_factor": 0.8732199973600864,
      "return_after_cost": -0.5497607368660513,
      "return_before_cost": -0.5497607368660513,
      "sharpe": -0.5705538605574115,
      "total_return": -0.5497607368660513,
      "trade_count": 1176,
      "turnover": 235.4347898831382
    },
    "oos": {
      "annualized_return": 0.4382963309788417,
      "annualized_volatility": 0.29187980020140175,
      "average_holding_period": 5.6047156726768375,
      "average_trade_return": 0.009099506829462662,
      "cost_paid_total": 0.0,
      "exposure_ratio": 1.0088258524124467,
      "hit_rate": 0.4535367545076283,
      "max_consecutive_losses": 13,
      "max_drawdown": -0.325996873554356,
      "median_trade_return": -0.004901960784313708,
      "profit_factor": 1.437567909069754,
      "return_after_cost": 2.2303450668721867,
      "return_before_cost": 2.2303450668721867,
      "sharpe": 1.5016329690386596,
      "total_return": 2.2303450668721867,
      "trade_count": 721,
      "turnover": 142.73303855312284
    }
  },
  "f1_baseline": {
    "full": {
      "annualized_return": -0.11705099966299604,
      "annualized_volatility": 0.2751791399597412,
      "average_holding_period": 5.285415577626765,
      "average_trade_return": -0.0018668631171054526,
      "cost_paid_total": 0.5404116271363258,
      "exposure_ratio": 1.0011563977666544,
      "hit_rate": 0.40773653946680605,
      "max_consecutive_losses": 13,
      "max_drawdown": -0.862734418329681,
      "median_trade_return": -0.009393788187372694,
      "profit_factor": 0.920790150348686,
      "return_after_cost": -0.6358643004107352,
      "return_before_cost": -0.09545267327440932,
      "sharpe": -0.42536290970355034,
      "total_return": -0.6358643004107352,
      "trade_count": 1913,
      "turnover": 386.65086163365845
    },
    "is": {
      "annualized_return": -0.27510572087018226,
      "annualized_volatility": 0.26869255380644236,
      "average_holding_period": 5.103448275862069,
      "average_trade_return": -0.00596513982645721,
      "cost_paid_total": 0.43082079212475805,
      "exposure_ratio": 0.9943391781112421,
      "hit_rate": 0.400336417157275,
      "max_consecutive_losses": 13,
      "max_drawdown": -0.7925571846248682,
      "median_trade_return": -0.009776298701298647,
      "profit_factor": 0.751680139630273,
      "return_after_cost": -0.7925571846248682,
      "return_before_cost": -0.3617363925001102,
      "sharpe": -1.0238680490876564,
      "total_return": -0.7925571846248682,
      "trade_count": 1189,
      "turnover": 237.5136412670687
    },
    "oos": {
      "annualized_return": 0.19571437821476567,
      "annualized_volatility": 0.28390740624519134,
      "average_holding_period": 5.584254143646409,
      "average_trade_return": 0.004863594075462558,
      "cost_paid_total": 0.10959083501156784,
      "exposure_ratio": 1.011487043050133,
      "hit_rate": 0.4198895027624309,
      "max_consecutive_losses": 11,
      "max_drawdown": -0.46668623102603113,
      "median_trade_return": -0.008846724630334776,
      "profit_factor": 1.2130919282860306,
      "return_after_cost": 0.7800858376728041,
      "return_before_cost": 1.3158231838403864,
      "sharpe": 0.6893598895611078,
      "total_return": 0.7800858376728041,
      "trade_count": 724,
      "turnover": 142.80006418583574
    }
  },
  "f2_promote": {
    "full": {
      "annualized_return": -0.10429316714025905,
      "annualized_volatility": 0.2766366937683261,
      "average_holding_period": 5.326831839746969,
      "average_trade_return": -0.001574997010727851,
      "cost_paid_total": 0.5419355240979045,
      "exposure_ratio": 1.0002898497318544,
      "hit_rate": 0.4095940959409594,
      "max_consecutive_losses": 13,
      "max_drawdown": -0.8618761230171392,
      "median_trade_return": -0.009393788187372696,
      "profit_factor": 0.9326392405863647,
      "return_after_cost": -0.5909066890366057,
      "return_before_cost": -0.04897116493870124,
      "sharpe": -0.3770040977557412,
      "total_return": -0.5909066890366057,
      "trade_count": 1897,
      "turnover": 383.1756713423827
    },
    "is": {
      "annualized_return": -0.2754286573719582,
      "annualized_volatility": 0.2648963364293182,
      "average_holding_period": 5.156462585034014,
      "average_trade_return": -0.0060814862080523805,
      "cost_paid_total": 0.42976746615237754,
      "exposure_ratio": 0.9934195195401864,
      "hit_rate": 0.4005102040816326,