{
  "carrier_t3_f3": {
    "full": {
      "annualized_return": -0.16522376102416625,
      "annualized_volatility": 0.21631349395445437,
      "average_holding_period": 4.904484566103669,
      "average_trade_return": -0.0031723840348034404,
      "cost_paid_total": 0.6903615459245176,
      "exposure_ratio": 0.984051600548831,
      "hit_rate": 0.4158415841584158,
      "max_consecutive_losses": 14,
      "max_drawdown": -0.7857052009924432,
      "median_trade_return": -0.00814150485436893,
      "profit_factor": 0.839806506263423,
      "return_after_cost": -0.7105507913104743,
      "return_before_cost": -0.020189245385956678,
      "sharpe": -0.7638162465211474,
      "total_return": -0.7105507913104743,
      "trade_count": 1717,
      "turnover": 335.2736250201042
    },
    "is": {
      "annualized_return": -0.1679429019734613,
      "annualized_volatility": 0.2209678137813435,
      "average_holding_period": 4.861952861952862,
      "average_trade_return": -0.003195432524333659,
      "cost_paid_total": 0.6389504997531109,
      "exposure_ratio": 0.9815608687565296,
      "hit_rate": 0.4121212121212121,
      "max_consecutive_losses": 14,
      "max_drawdown": -0.748204256936956,
      "median_trade_return": -0.008064410828025533,
      "profit_factor": 0.8396769671438958,
      "return_after_cost": -0.6620596144657085,
      "return_before_cost": -0.023109114712597578,
      "sharpe": -0.76003332385615,
      "total_return": -0.6620596144657085,
      "trade_count": 1485,
      "turnover": 288.6452647726478
    },
    "oos": {
      "annualized_return": -0.14838976160866812,
      "annualized_volatility": 0.18610937542886735,
      "average_holding_period": 5.176724137931035,
      "average_trade_return": -0.0030248538324225147,
      "cost_paid_total": 0.05141104617140673,
      "exposure_ratio": 0.9992932391297041,
      "hit_rate": 0.4396551724137931,
      "max_consecutive_losses": 10,
      "max_drawdown": -0.2268436308885322,
      "median_trade_return": -0.009015660484248383,
      "profit_factor": 0.8406769632654963,
      "return_after_cost": -0.14349032823673946,
      "return_before_cost": 0.008640190553208305,
      "sharpe": -0.797325557977513,
      "total_return": -0.14349032823673946,
      "trade_count": 232,
      "turnover": 46.16877150654458
    }
  },
  "cash": {
    "full": {
      "annualized_return": 0.0,
      "annualized_volatility": 0.0,
      "average_holding_period": NaN,
      "average_trade_return": NaN,
      "cost_paid_total": 0.0,
      "exposure_ratio": 0.0,
      "hit_rate": 0.0,
      "max_consecutive_losses": 0,
      "max_drawdown": 0.0,
      "median_trade_return": NaN,
      "profit_factor": NaN,
      "return_after_cost": 0.0,
      "return_before_cost": 0.0,
      "sharpe": NaN,
      "total_return": 0.0,
      "trade_count": 0,
      "turnover": 0.0
    },
    "is": {
      "annualized_return": 0.0,
      "annualized_volatility": 0.0,
      "average_holding_period": NaN,
      "average_trade_return": NaN,
      "cost_paid_total": 0.0,
      "exposure_ratio": 0.0,
      "hit_rate": 0.0,
      "max_consecutive_losses": 0,
      "max_drawdown": 0.0,
      "median_trade_return": NaN,
      "profit_factor": NaN,
      "return_after_cost": 0.0,
      "return_before_cost": 0.0,
      "sharpe": NaN,
      "total_return": 0.0,
      "trade_count": 0,
      "turnover": 0.0
    },
    "oos": {
      "annualized_return": 0.0,
      "annualized_volatility": 0.0,
      "average_holding_period": NaN,
      "average_trade_return": NaN,
      "cost_paid_total": 0.0,
      "exposure_ratio": 0.0,
      "hit_rate": 0.0,
      "max_consecutive_losses": 0,
      "max_drawdown": 0.0,
      "median_trade_return": NaN,
      "profit_factor": NaN,
      "return_after_cost": 0.0,
      "return_before_cost": 0.0,
      "sharpe": NaN,
      "total_return": 0.0,
      "trade_count": 0,
      "turnover": 0.0
    }
  },
  "cost_0_carrier_t3_f3": {
    "full": {
      "annualized_return": -0.015063643760638845,
      "annualized_volatility": 0.2155284682038328,
      "average_holding_period": 4.904484566103669,
      "average_trade_return": 0.00012795504606864176,
      "cost_paid_total": 0.0,
      "exposure_ratio": 0.982126193750794,
      "hit_rate": 0.43972044263249854,
      "max_consecutive_losses": 14,
      "max_drawdown": -0.5644390036970849,
      "median_trade_return": -0.004854368932038833,
      "profit_factor": 1.0071178559152698,
      "return_after_cost": -0.09895484893159445,
      "return_before_cost": -0.09895484893159445,
      "sharpe": -0.06989166622013307,
      "total_return": -0.09895484893159445,
      "trade_count": 1717,
      "turnover": 339.9900987606924
    },
    "is": {
      "annualized_return": -0.017293077907541865,
      "annualized_volatility": 0.22019168568908482,
      "average_holding_period": 4.861952861952862,
      "average_trade_return": 0.00010484531575308659,
      "cost_paid_total": 0.0,
      "exposure_ratio": 0.9796116030474452,
      "hit_rate": 0.4356902356902357,
      "max_consecutive_losses": 14,
      "max_drawdown": -0.5644390036970849,
      "median_trade_return": -0.004777070063694322,
      "profit_factor": 1.0057949393782029,
      "return_after_cost": -0.09781484455026868,
      "return_before_cost": -0.09781484455026868,
      "sharpe": -0.07853647086366397,
      "total_return": -0.09781484455026868,
      "trade_count": 1485,
      "turnover": 293.7694098180796
    },
    "oos": {
      "annualized_return": -0.0013103730240584532,
      "annualized_volatility": 0.18524893631317724,
      "average_holding_period": 5.176724137931035,
      "average_trade_return": 0.0002758772422695,
      "cost_paid_total": 0.0,
      "exposure_ratio": 0.9975138331577055,
      "hit_rate": 0.46551724137931033,
      "max_consecutive_losses": 10,
      "max_drawdown": -0.14235059547881046,
      "median_trade_return": -0.005730847229406311,
      "profit_factor": 1.0160072380758118,
      "return_after_cost": -0.0012636035678923463,
      "return_before_cost": -0.0012636035678923463,
      "sharpe": -0.007073579207187292,
      "total_return": -0.0012636035678923463,
      "trade_count": 232,
      "turnover": 46.18942740631879
    }
  },
  "cost_0_cash": {
    "full": {
      "annualized_return": 0.0,
      "annualized_volatility": 0.0,
      "average_holding_period": NaN,
      "average_trade_return": NaN,
      "cost_paid_total": 0.0,
      "exposure_ratio": 0.0,
      "hit_rate": 0.0,
      "max_consecutive_losses": 0,
      "max_drawdown": 0.0,
      "median_trade_return": NaN,
      "profit_factor": NaN,
      "return_after_cost": 0.0,
      "return_before_cost": 0.0,
      "sharpe": NaN,
      "total_return": 0.0,
      "trade_count": 0,
      "turnover": 0.0
    },
    "is": {
      "annualized_return": 0.0,
      "annualized_volatility": 0.0,
      "average_holding_period": NaN,
      "average_trade_return": NaN,
      "cost_paid_total": 0.0,
      "exposure_ratio": 0.0,
      "hit_rate": 0.0,
      "max_consecutive_losses": 0,
      "max_drawdown": 0.0,
      "median_trade_return": NaN,
      "profit_factor": NaN,
      "return_after_cost": 0.0,
      "return_before_cost": 0.0,
      "sharpe": NaN,
      "total_return": 0.0,
      "trade_count": 0,
      "turnover": 0.0
    },
    "oos": {
      "annualized_return": 0.0,
      "annualized_volatility": 0.0,
      "average_holding_period": NaN,
      "average_trade_return": NaN,
      "cost_paid_total": 0.0,
      "exposure_ratio": 0.0,
      "hit_rate": 0.0,
      "max_consecutive_losses": 0,
      "max_drawdown": 0.0,
      "median_trade_return": NaN,
      "profit_factor": NaN,
      "return_after_cost": 0.0,
      "return_before_cost": 0.0,
      "sharpe": NaN,
      "total_return": 0.0,
      "trade_count": 0,
      "turnover": 0.0
    }
  },
  "cost_0_t3_f1_baseline": {
    "full": {
      "annualized_return": -0.026248796385383022,
      "annualized_volatility": 0.21564816511008383,