year,carrier_t3_f3_net_total_return,carrier_t3_f3_hit_rate,carrier_t3_f3_trade_count,t3_f1_baseline_net_total_return,t3_f1_baseline_hit_rate,t3_f1_baseline_trade_count,cash_net_total_return,cash_hit_rate,cash_trade_count,v1_minus_v2_net_total_return
2010,0.24659704379697867,0.5209302325581395,215,0.1619096946795675,0.4908256880733945,218,0.0,0.0,0,0.08468734911741116
2011,-0.47924860699566096,0.36470588235294116,255,-0.365647981190527,0.3861003861003861,259,0.0,0.0,0,-0.11360062580513397
2012,-0.09294912512723663,0.4364406779661017,236,-0.25780350486719983,0.4163265306122449,245,0.0,0.0,0,0.1648543797399632
2013,-0.37373606459544173,0.35793357933579334,271,-0.33618803690485566,0.3722627737226277,274,0.0,0.0,0,-0.03754802769058607
2014,-0.04756354501693172,0.40160642570281124,249,-0.1163533103285107,0.40963855421686746,249,0.0,0.0,0,0.06878976531157899
2015,-0.035513077913599145,0.41312741312741313,259,-0.13798526505482067,0.40077821011673154,257,0.0,0.0,0,0.10247218714122153
2017,-0.14349032823673946,0.4396551724137931,232,-0.05459684992628744,0.463519313304721,233,0.0,0.0,0,-0.08889347831045202
