variant,cumulative_net_total_return,sharpe,max_drawdown,positive_years,cumulative_diff_vs_pit,sharpe_diff_vs_pit,mdd_diff_vs_pit
PIT,1.468682405568845,0.3458238305516483,-0.47384030791424325,5,0.0,0.0,0.0
Snapshot,3.621084739339225,0.6311872415922518,-0.35641869371448887,8,2.15240233377038,0.28536341104060353,0.11742161419975439
D013,2.5457702903350135,0.5333654677635088,-0.3392346174957135,7,1.0770878847661685,0.1875416372118605,0.13460569041852977
