variant,cumulative_net_total_return,sharpe,max_drawdown,trade_count
P001_E014_pit,1.468682405568845,0.3458238305516483,-0.47384030791424325,110
