year,period,f1_baseline_net_total_return,f3_promote_net_total_return,f3_minus_f1_net_total_return,f3_wins_f1
2018,is,-0.283590531813635,-0.2805151249665919,0.003075406847043105,True
2019,is,-0.05635021481507374,-0.1720000831649383,-0.11564986834986457,False
2020,is,-0.26275874947926525,-0.14463391320701213,0.11812483627225312,True
2021,is,-0.3594261733079215,-0.3492557292846583,0.01017044402326317,True
2022,is,-0.3606627532333402,-0.3643762027970756,-0.003713449563735427,False
2023,oos,0.04512727395579974,-0.014463699727584212,-0.05959097368338395,False
2024,oos,-0.23428521960912174,-0.24724373267899635,-0.012958513069874611,False
2025,oos,0.9144378803285935,1.0690696404980016,0.15463176016940805,True
2026,oos,0.07851529081201702,0.2995185354979877,0.22100324468597066,True
