variant,F1,F2,F3
F1,1.0,0.884272997032641,0.42056763730187985
F2,0.884272997032641,1.0,0.40175310445580714
F3,0.42056763730187985,0.40175310445580714,1.0
