year,period,is_v_recovery_diagnostic_2020,oos_spike_capture_diagnostic_2025,f1_baseline_net_total_return,f2_relative_and_absolute_net_total_return,f3_persistence_4_of_5_net_total_return,f2_minus_f1_net_total_return,f3_minus_f1_net_total_return,f2_wins_f1,f3_wins_f1
2018,is,False,False,-0.283590531813635,-0.3076613684285946,-0.2805151249665919,-0.024070836614959568,0.003075406847043105,False,True
2019,is,False,False,-0.05635021481507374,0.03557949019354312,-0.1720000831649383,0.09192970500861686,-0.11564986834986457,True,False
2020,is,True,False,-0.26275874947926525,-0.2996108677339523,-0.14463391320701213,-0.03685211825468704,0.11812483627225312,False,True
2021,is,False,False,-0.3594261733079215,-0.33981211879224693,-0.3492557292846583,0.01961405451567455,0.01017044402326317,True,True
2022,is,False,False,-0.3606627532333402,-0.39121343296216227,-0.3643762027970756,-0.030550679728822083,-0.003713449563735427,False,False
2023,oos,False,False,0.04512727395579974,0.06981563292235493,-0.014463699727584212,0.02468835896655519,-0.05959097368338395,True,False
2024,oos,False,False,-0.23428521960912174,-0.25920432685370665,-0.24724373267899635,-0.024919107244584904,-0.012958513069874611,False,False
2025,oos,False,True,0.9144378803285935,1.0702554455706892,1.0690696404980016,0.15581756524209567,0.15463176016940805,True,True
2026,oos,False,False,0.07851529081201702,0.13390762863434125,0.2995185354979877,0.05539233782232422,0.22100324468597066,True,True
