multiplier,is_total_return,oos_total_return,full_total_return,cost_paid_total
0.0,-0.19538044435817947,0.7572232812454975,0.3944761497052167,0.0
1.0,-0.3140303451196491,0.5875814634529326,0.07406487526949546,0.19079546956357107
2.0,-0.4154928377383119,0.4338326632374292,-0.17344087689358545,0.338063242552082
3.0,-0.5022126525201043,0.294533591416811,-0.3644659607528814,0.4516992374023333
