variant,cumulative_net_total_return,sharpe,max_drawdown,trade_count,positive_years,avg_quarterly_holdings,vs_A_cumulative_net_total_return_pp,vs_A_sharpe_pp,vs_A_max_drawdown_pp
A_d013_replication,2.5457702903350135,0.5333654677635088,-0.3392346174957135,110,7,5.0,0.0,0.0,0.0
B_count_matched,1.5137604617737588,0.4015270500365329,-0.3631773425015766,110,4,5.0,-1.0320098285612547,-0.1318384177269759,-0.02394272500586314
C_pure_basket,1.1574917843876347,0.38578548068843027,-0.41196277920465385,2052,5,93.4090909090909,-1.3882785059473788,-0.14757998707507852,-0.07272816170894036
