window,net_cum,cost0_cum,Sharpe,MaxDD,pos_years,annualized,ON_share,trades,2010-2017_net,2018-2026_net,2010-2014_trades,2010-2014_net,composite_mean,composite_std,composite_positive_share
36,1.2089924261849547,1.4452635520856925,0.30061602794316405,-0.41800741433772404,7,0.054330267209729444,0.5245901639344263,155,-0.1642972160321734,1.6422146364362797,20,-0.11530293526238955,0.037691919136321916,0.45777655053852717,0.5434782608695652
48,1.9768396305934783,2.2414636513166486,0.43498107792439267,-0.3392346174957135,7,0.07553742918705231,0.4426229508196721,130,-0.056013565443905344,2.1522118803775654,0,0.0,-0.010760422246329863,0.4203574761432307,0.38095238095238093
60,2.5457702903350135,2.8099324519098956,0.5333654677635088,-0.3392346174957135,7,0.08816790559736765,0.3770491803278688,110,0.09401472235486108,2.239762293090378,0,0.0,-0.03428530665464613,0.40416182915908916,0.39473684210526316
72,1.3324974257347288,1.4825788697656934,0.33332674836656756,-0.48094774438612775,5,0.05816621235508945,0.3114754098360656,95,0.0,1.3315615740077287,0,0.0,-0.07640668398066434,0.4082681800907421,0.35294117647058826
84,1.4025542645202376,1.5314623062128359,0.40514725582831074,-0.3392346174957134,5,0.060258657177189257,0.26229508196721313,80,0.0,1.4025542645202376,0,0.0,-0.06798745973362916,0.43018260252097235,0.36666666666666664
