{
  "absolute_baseline": {
    "full": {
      "annualized_return": -0.1535246172025847,
      "annualized_volatility": 0.27144506877265806,
      "average_holding_period": 5.205761316872428,
      "average_trade_return": -0.0026717331030146,
      "cost_paid_total": 0.4448673583808787,
      "exposure_ratio": 1.0017395557529203,
      "hit_rate": 0.4017489711934156,
      "max_consecutive_losses": 16,
      "max_drawdown": -0.9041847944046028,
      "median_trade_return": -0.00971918990291262,
      "profit_factor": 0.8866630044859234,
      "return_after_cost": -0.7414261730523879,
      "return_before_cost": -0.2965588146715092,
      "sharpe": -0.565582634809864,
      "total_return": -0.7414261730523879,
      "trade_count": 1944,
      "turnover": 394.0832250889658
    },
    "is": {
      "annualized_return": -0.3127580292119835,
      "annualized_volatility": 0.263015319538281,
      "average_holding_period": 5.003294892915981,
      "average_trade_return": -0.006948159119938171,
      "cost_paid_total": 0.36946462557972526,
      "exposure_ratio": 0.9949048057672094,
      "hit_rate": 0.3912685337726524,
      "max_consecutive_losses": 16,
      "max_drawdown": -0.8412767814460128,
      "median_trade_return": -0.011067696098251253,
      "profit_factor": 0.7082147357138112,
      "return_after_cost": -0.8401740487499133,
      "return_before_cost": -0.47070942317018805,
      "sharpe": -1.1891247618618754,
      "total_return": -0.8401740487499133,
      "trade_count": 1214,
      "turnover": 241.5652018754805
    },
    "oos": {
      "annualized_return": 0.1658594712655983,
      "annualized_volatility": 0.28279313287712565,
      "average_holding_period": 5.542465753424658,
      "average_trade_return": 0.004440021944307615,
      "cost_paid_total": 0.07540273280115344,
      "exposure_ratio": 1.0120967660633704,
      "hit_rate": 0.4191780821917808,
      "max_consecutive_losses": 14,
      "max_drawdown": -0.4774132410745202,
      "median_trade_return": -0.008101285192909268,
      "profit_factor": 1.1915823897621256,
      "return_after_cost": 0.6406402142897907,
      "return_before_cost": 1.1190674285259168,
      "sharpe": 0.5865045928737763,
      "total_return": 0.6406402142897907,
      "trade_count": 730,
      "turnover": 144.392732893478
    }
  },
  "cost_0_absolute_baseline": {
    "full": {
      "annualized_return": -0.008247317217050298,
      "annualized_volatility": 0.27049130968702706,
      "average_holding_period": 5.205761316872428,
      "average_trade_return": 0.000629936227989572,
      "cost_paid_total": 0.0,
      "exposure_ratio": 0.9998572686681826,
      "hit_rate": 0.4269547325102881,
      "max_consecutive_losses": 16,
      "max_drawdown": -0.7022019775004822,
      "median_trade_return": -0.006436245954692554,
      "profit_factor": 1.0290240696675872,
      "return_after_cost": -0.06499663181235271,
      "return_before_cost": -0.06499663181235271,
      "sharpe": -0.03049013747093349,
      "total_return": -0.06499663181235271,
      "trade_count": 1944,
      "turnover": 389.8971962403533
    },
    "is": {
      "annualized_return": -0.19019955095284113,
      "annualized_volatility": 0.2619625623801281,
      "average_holding_period": 5.003294892915981,
      "average_trade_return": -0.0036578524288746897,
      "cost_paid_total": 0.0,
      "exposure_ratio": 0.9930391004690077,
      "hit_rate": 0.41515650741350907,
      "max_consecutive_losses": 16,
      "max_drawdown": -0.6579720880133503,
      "median_trade_return": -0.007788335186495465,
      "profit_factor": 0.8330328461062818,
      "return_after_cost": -0.6434911731902361,
      "return_before_cost": -0.6434911731902361,
      "sharpe": -0.7260562319467877,
      "total_return": -0.6434911731902361,
      "trade_count": 1214,
      "turnover": 242.11328259136957
    },
    "oos": {
      "annualized_return": 0.3541765557117742,
      "annualized_volatility": 0.28202609716562227,
      "average_holding_period": 5.542465753424658,
      "average_trade_return": 0.007760587501185756,
      "cost_paid_total": 0.0,
      "exposure_ratio": 1.0101893513513114,
      "hit_rate": 0.4465753424657534,
      "max_consecutive_losses": 14,
      "max_drawdown": -0.3014012424098935,
      "median_trade_return": -0.00481404240528327,
      "profit_factor": 1.363235255876688,
      "return_after_cost": 1.6595586314693742,
      "return_before_cost": 1.6595586314693742,
      "sharpe": 1.2558290146595226,
      "total_return": 1.6595586314693742,
      "trade_count": 730,
      "turnover": 144.90455297599138
    }
  },
  "cost_0_relative_median_diff": {
    "full": {
      "annualized_return": -0.01999137637042081,
      "annualized_volatility": 0.26869852370242475,
      "average_holding_period": 3.9948677457560207,
      "average_trade_return": 0.00020685469061675714,
      "cost_paid_total": 0.0,
      "exposure_ratio": 0.9999032234243923,
      "hit_rate": 0.4259771022502961,
      "max_consecutive_losses": 18,
      "max_drawdown": -0.7035474301049806,
      "median_trade_return": -0.005384615384615432,
      "profit_factor": 1.0110314977272263,
      "return_after_cost": -0.15115201790823507,
      "return_before_cost": -0.15115201790823507,
      "sharpe": -0.07440076742870622,
      "total_return": -0.15115201790823507,
      "trade_count": 2533,
      "turnover": 504.9765062082
    },
    "is": {
      "annualized_return": -0.1431858378788673,
      "annualized_volatility": 0.25429942322946036,
      "average_holding_period": 3.966688438928805,
      "average_trade_return": -0.002063172169065035,
      "cost_paid_total": 0.0,
      "exposure_ratio": 0.9930823567127702,
      "hit_rate": 0.42913128674069234,
      "max_consecutive_losses": 17,
      "max_drawdown": -0.5641053369016669,
      "median_trade_return": -0.00536193029490617,
      "profit_factor": 0.8895646074348768,
      "return_after_cost": -0.5302246533471507,
      "return_before_cost": -0.5302246533471507,
      "sharpe": -0.5630600182276754,
      "total_return": -0.5302246533471507,
      "trade_count": 1531,
      "turnover": 304.38174170441357
    },
    "oos": {
      "annualized_return": 0.20644368012159497,
      "annualized_volatility": 0.2888916986148323,
      "average_holding_period": 4.037924151696607,
      "average_trade_return": 0.00367532886444193,
      "cost_paid_total": 0.0,
      "exposure_ratio": 1.0102393953662354,
      "hit_rate": 0.42115768463073855,
      "max_consecutive_losses": 18,
      "max_drawdown": -0.4419183887831529,
      "median_trade_return": -0.005432033719704965,
      "profit_factor": 1.1949065009481223,
      "return_after_cost": 0.8321341815768679,
      "return_before_cost": 0.8321341815768679,
      "sharpe": 0.7146057886448237,
      "total_return": 0.8321341815768679,
      "trade_count": 1002,
      "turnover": 200.50166024904271
    }
  },
  "cost_0_relative_zscore": {
    "full": {
      "annualized_return": -0.006755806048127977,
      "annualized_volatility": 0.2627581931459981,
      "average_holding_period": 3.9996047430830037,
      "average_trade_return": 0.0003628258389649057,
      "cost_paid_total": 0.0,
      "exposure_ratio": 0.9998173249478052,
      "hit_rate": 0.42569169960474307,
      "max_consecutive_losses": 19,
      "max_drawdown": -0.6297550265477063,
      "median_trade_return": -0.004982572169094646,
      "profit_factor": 1.0196288355726695,
      "return_after_cost": -0.05352425097688518,
      "return_before_cost": -0.05352425097688518,
      "sharpe": -0.025711114722022022,
      "total_return": -0.05352425097688518,
      "trade_count": 2530,
      "turnover": 503.50029765535226
    },
    "is": {
      "annualized_return": -0.12075206469476996,
      "annualized_volatility": 0.24951378703974733,
      "average_holding_period": 3.995394736842105,
      "average_trade_return": -0.0017264609232334556,
      "cost_paid_total": 0.0,
      "exposure_ratio": 0.993131403722612,