signal,trade_count,gross_mean,net_mean,sharpe,hit_rate
r1d_lt_m3_hold1,1135,0.0012394925673383456,-0.003560507432661655,-1.587144476946958,0.4079295154185022
r1d_lt_m3_hold3,1021,0.005268169725066965,0.0004681697250669625,0.06901371401850047,0.4534769833496572
r1d_lt_m3_hold5,998,0.00752271454545286,0.0027227145454528576,0.24176255611466757,0.47194388777555113
