signal,trade_count,gross_mean_s001g,net_mean_s001g,sharpe_s001g,hit_rate,placebo_trade_count,placebo_gross_mean,placebo_net_mean,placebo_sharpe,placebo_hit_rate,verdict,gross_mean_s000,net_mean_s000,sharpe_s000,gross_mean_delta,net_mean_delta,sharpe_delta
r1d_lt_m3_hold1,957,0.0040710293466851765,-0.0007289706533148268,-0.14653534527000406,0.4535005224660397,1135,0.0012394925673383456,-0.003560507432661655,-1.587144476946958,0.4079295154185022,NULL_WEAK_CLOSE_S_FAMILY,0.051984304164218,0.0299611850731414,5.117086420442261,-0.047913274817532825,-0.03069015572645623,-5.263621765712265
r1d_lt_m3_hold3,677,0.01231938074078405,0.00751938074078404,0.46589585819996443,0.4431314623338257,1021,0.005268169725066965,0.0004681697250669625,0.06901371401850047,0.4534769833496572,NULL_WEAK_CLOSE_S_FAMILY,0.1823694886290076,0.124690927493291,1.6607571111332164,-0.17005010788822356,-0.11717154675250696,-1.194861252933252
r1d_lt_m3_hold5,598,0.03057115170550243,0.025771151705502416,0.8964013528869119,0.4916387959866221,998,0.00752271454545286,0.0027227145454528576,0.24176255611466757,0.47194388777555113,NULL_WEAK_CLOSE_S_FAMILY,0.234023823968819,0.1609576289445138,1.572242960471738,-0.20345267226331656,-0.13518647723901137,-0.6758416075848261
