year,net,contribution
2025,0.3744394613181139,0.365515629828335
2026,0.5621484118981519,0.5487510053257607
