year,net,contribution
2026,0.5621484118981517,0.44748355634562165
