scheme,IS_Sharpe,OOS_Sharpe,IS_net,OOS_net,IS_annualized,OOS_annualized,OOS_ratio_to_IS_Sharpe,verdict
A,0.4900158575931986,0.544419228269136,0.2504409029347785,0.7484247679033653,0.046892995082406186,0.11374114145695469,1.1110236940966551,STRONG
B,0.017178493523526114,0.7100001486943623,0.0061207528988673765,1.242517832389181,0.0015687403892474805,0.13982851234421045,41.33075742188977,STRONG
C,0.1646594300760798,0.8671554576633267,0.12717633724827748,1.000211806668982,0.020635452118785702,0.17935389059740614,5.266357701242274,STRONG
