window,net_cum,cost0_cum,Sharpe,MaxDD,pos_years,annualized,ON_share,trades,2010-2017_net,2018-2026_net,2010-2014_trades,2010-2014_net,composite_mean,composite_std,composite_positive_share
36,1.0718741666171416,1.2422867576364762,0.31836179076818916,-0.3336818664706048,5,0.04982963163975973,0.4098360655737705,120,-0.038746384844015824,1.154522854629282,20,-0.11530293526238955,0.04049802265046464,0.47059396684605587,0.5434782608695652
48,1.391481205037107,1.5276487593934163,0.4295609629982839,-0.33368186647060516,5,0.059931749131977075,0.29508196721311475,85,-0.03022297575220423,1.4650219874126038,0,0.0,-0.007285420252061863,0.43514459802287203,0.42857142857142855
60,1.2562437299125393,1.3693725156582923,0.4144010855755797,-0.3336818664706047,5,0.05582094116655911,0.26229508196721313,75,0.09401472235486108,1.061524791980136,0,0.0,-0.033479997767023525,0.41738983159305604,0.42105263157894735
72,1.2126283827568458,1.3008358872632821,0.417558089653482,-0.3423218420922356,3,0.05444602530833742,0.19672131147540983,60,0.0,1.2117406252526504,0,0.0,-0.07519914139633048,0.42151326641190784,0.35294117647058826
84,1.2940096492430464,1.3777042738173986,0.4462228263739947,-0.34232184209223526,3,0.056991569288500576,0.18032786885245902,55,0.0,1.2940096492430464,0,0.0,-0.06239489082172472,0.4430646279323535,0.36666666666666664
