year,net,contribution
2025,0.7666554035490463,0.5939914747117387
