{
  "cost_0_t1_baseline": {
    "full": {
      "annualized_return": -0.008247317217050298,
      "annualized_volatility": 0.27049130968702706,
      "average_holding_period": 5.205761316872428,
      "average_trade_return": 0.000629936227989572,
      "cost_paid_total": 0.0,
      "exposure_ratio": 0.9998572686681826,
      "hit_rate": 0.4269547325102881,
      "max_consecutive_losses": 16,
      "max_drawdown": -0.7022019775004822,
      "median_trade_return": -0.006436245954692554,
      "profit_factor": 1.0290240696675872,
      "return_after_cost": -0.06499663181235271,
      "return_before_cost": -0.06499663181235271,
      "sharpe": -0.03049013747093349,
      "total_return": -0.06499663181235271,
      "trade_count": 1944,
      "turnover": 389.8971962403533
    },
    "is": {
      "annualized_return": -0.19019955095284113,
      "annualized_volatility": 0.2619625623801281,
      "average_holding_period": 5.003294892915981,
      "average_trade_return": -0.0036578524288746897,
      "cost_paid_total": 0.0,
      "exposure_ratio": 0.9930391004690077,
      "hit_rate": 0.41515650741350907,
      "max_consecutive_losses": 16,
      "max_drawdown": -0.6579720880133503,
      "median_trade_return": -0.007788335186495465,
      "profit_factor": 0.8330328461062818,
      "return_after_cost": -0.6434911731902361,
      "return_before_cost": -0.6434911731902361,
      "sharpe": -0.7260562319467877,
      "total_return": -0.6434911731902361,
      "trade_count": 1214,
      "turnover": 242.11328259136957
    },
    "oos": {
      "annualized_return": 0.3541765557117742,
      "annualized_volatility": 0.28202609716562227,
      "average_holding_period": 5.542465753424658,
      "average_trade_return": 0.007760587501185756,
      "cost_paid_total": 0.0,
      "exposure_ratio": 1.0101893513513114,
      "hit_rate": 0.4465753424657534,
      "max_consecutive_losses": 14,
      "max_drawdown": -0.3014012424098935,
      "median_trade_return": -0.00481404240528327,
      "profit_factor": 1.363235255876688,
      "return_after_cost": 1.6595586314693742,
      "return_before_cost": 1.6595586314693742,
      "sharpe": 1.2558290146595226,
      "total_return": 1.6595586314693742,
      "trade_count": 730,
      "turnover": 144.90455297599138
    }
  },
  "cost_0_t3_acceleration": {
    "full": {
      "annualized_return": 0.03186615483120714,
      "annualized_volatility": 0.27437037812508885,
      "average_holding_period": 5.285415577626765,
      "average_trade_return": 0.0014369447865789817,
      "cost_paid_total": 0.0,
      "exposure_ratio": 0.9992796296642904,
      "hit_rate": 0.4343962362780972,
      "max_consecutive_losses": 13,
      "max_drawdown": -0.5834164158042744,
      "median_trade_return": -0.006109979633401208,
      "profit_factor": 1.0661498309818473,
      "return_after_cost": 0.2898960454008055,
      "return_before_cost": 0.2898960454008055,
      "sharpe": 0.11614283964969048,
      "total_return": 0.2898960454008055,
      "trade_count": 1913,
      "turnover": 382.2755076560775
    },
    "is": {
      "annualized_return": -0.14875048387000644,
      "annualized_volatility": 0.267806641576612,
      "average_holding_period": 5.103448275862069,
      "average_trade_return": -0.002672221212670788,
      "cost_paid_total": 0.0,
      "exposure_ratio": 0.9924753867635971,
      "hit_rate": 0.4272497897392767,
      "max_consecutive_losses": 13,
      "max_drawdown": -0.5544794825229544,
      "median_trade_return": -0.00649350649350644,
      "profit_factor": 0.8793820766661631,
      "return_after_cost": -0.5449534267055618,
      "return_before_cost": -0.5449534267055618,
      "sharpe": -0.5554398613652496,
      "total_return": -0.5449534267055618,
      "trade_count": 1189,
      "turnover": 237.9781026694298
    },
    "oos": {
      "annualized_return": 0.3871978160774463,
      "annualized_volatility": 0.28324573858694596,
      "average_holding_period": 5.584254143646409,
      "average_trade_return": 0.008185285080927016,
      "cost_paid_total": 0.0,
      "exposure_ratio": 1.0095906102960912,
      "hit_rate": 0.44613259668508287,
      "max_consecutive_losses": 11,
      "max_drawdown": -0.31787696244318553,
      "median_trade_return": -0.005561462505975612,
      "profit_factor": 1.3895276448431795,
      "return_after_cost": 1.874521364185866,
      "return_before_cost": 1.874521364185866,
      "sharpe": 1.3670031471933015,
      "total_return": 1.874521364185866,
      "trade_count": 724,
      "turnover": 143.07865307939443
    }
  },
  "t1_baseline": {
    "full": {
      "annualized_return": -0.1535246172025847,
      "annualized_volatility": 0.27144506877265806,
      "average_holding_period": 5.205761316872428,
      "average_trade_return": -0.0026717331030146,
      "cost_paid_total": 0.4448673583808787,
      "exposure_ratio": 1.0017395557529203,
      "hit_rate": 0.4017489711934156,
      "max_consecutive_losses": 16,
      "max_drawdown": -0.9041847944046028,
      "median_trade_return": -0.00971918990291262,
      "profit_factor": 0.8866630044859234,
      "return_after_cost": -0.7414261730523879,
      "return_before_cost": -0.2965588146715092,
      "sharpe": -0.565582634809864,
      "total_return": -0.7414261730523879,
      "trade_count": 1944,
      "turnover": 394.0832250889658
    },
    "is": {
      "annualized_return": -0.3127580292119835,
      "annualized_volatility": 0.263015319538281,
      "average_holding_period": 5.003294892915981,
      "average_trade_return": -0.006948159119938171,
      "cost_paid_total": 0.36946462557972526,
      "exposure_ratio": 0.9949048057672094,
      "hit_rate": 0.3912685337726524,
      "max_consecutive_losses": 16,
      "max_drawdown": -0.8412767814460128,
      "median_trade_return": -0.011067696098251253,
      "profit_factor": 0.7082147357138112,
      "return_after_cost": -0.8401740487499133,
      "return_before_cost": -0.47070942317018805,
      "sharpe": -1.1891247618618754,
      "total_return": -0.8401740487499133,
      "trade_count": 1214,
      "turnover": 241.5652018754805
    },
    "oos": {
      "annualized_return": 0.1658594712655983,
      "annualized_volatility": 0.28279313287712565,
      "average_holding_period": 5.542465753424658,
      "average_trade_return": 0.004440021944307615,
      "cost_paid_total": 0.07540273280115344,
      "exposure_ratio": 1.0120967660633704,
      "hit_rate": 0.4191780821917808,
      "max_consecutive_losses": 14,
      "max_drawdown": -0.4774132410745202,
      "median_trade_return": -0.008101285192909268,
      "profit_factor": 1.1915823897621256,
      "return_after_cost": 0.6406402142897907,
      "return_before_cost": 1.1190674285259168,
      "sharpe": 0.5865045928737763,
      "total_return": 0.6406402142897907,
      "trade_count": 730,
      "turnover": 144.392732893478
    }
  },
  "t3_acceleration": {
    "full": {
      "annualized_return": -0.11705099966299604,
      "annualized_volatility": 0.2751791399597412,
      "average_holding_period": 5.285415577626765,
      "average_trade_return": -0.0018668631171054526,
      "cost_paid_total": 0.5404116271363258,
      "exposure_ratio": 1.0011563977666544,
      "hit_rate": 0.40773653946680605,
      "max_consecutive_losses": 13,
      "max_drawdown": -0.862734418329681,
      "median_trade_return": -0.009393788187372694,
      "profit_factor": 0.920790150348686,
      "return_after_cost": -0.6358643004107352,
      "return_before_cost": -0.09545267327440932,
      "sharpe": -0.42536290970355034,
      "total_return": -0.6358643004107352,
      "trade_count": 1913,
      "turnover": 386.65086163365845
    },
    "is": {
      "annualized_return": -0.27510572087018226,
      "annualized_volatility": 0.26869255380644236,
      "average_holding_period": 5.103448275862069,
      "average_trade_return": -0.00596513982645721,
      "cost_paid_total": 0.43082079212475805,
      "exposure_ratio": 0.9943391781112421,
      "hit_rate": 0.400336417157275,