year,factor_macro_gate_mcap_net_total_return,kospi_buy_and_hold_net_total_return,cash_net_total_return,d001_factor_macro_gate_mcap_net_total_return,d009_minus_d001_factor_macro_gate_mcap_return
2020,0.24613608482727267,0.5251287429311826,0.0,0.2461360848272729,-2.220446049250313e-16
2021,-0.12419945981131209,0.13170240063376615,0.0,-0.035316520549102,-0.08888293926221008
2022,-0.09716827644733184,-0.1844240539579347,0.0,0.0,-0.09716827644733184
2023,0.0,0.3279894204214897,0.0,-0.0177293971971159,0.0177293971971159
2024,-0.07976588247723282,0.034981455283805696,0.0,0.0422472179791628,-0.12201310045639563
2025,0.3744394613181141,1.0470047808035559,0.0,0.7666554035490463,-0.39221594223093215
2026,0.5621484118981519,0.7344109727369723,0.0,0.0,0.5621484118981519
