variant,cumulative_net_total_return,sharpe,max_drawdown,trade_count,commission_bps,tax_bps_sell,slippage_bps
base,0.34554280768351364,0.07657759416388611,-0.7246351249505394,110,1.5,20.0,5.0
2x,0.2523524909409087,0.057785914877635396,-0.7324453214849405,110,3.0,40.0,10.0
3x,0.16544393059352136,0.03912212591868474,-0.7400496915377625,110,4.5,60.0,15.0
