criterion,actual,threshold,passed
cumulative_gt_f001_a,0.34554280768351364,2.545770290335013,False
sharpe_gt_f001_a,0.07657759416388611,0.5333654677635088,False
mdd_gt_f001_a,-0.7246351249505394,-0.3392346174957135,False
cost_3x_cumulative_gt_f001_a,0.16544393059352136,2.545770290335013,False
spike_excluded_cumulative_gt_f001_a,-0.6462673697006073,2.545770290335013,False
