variant,cumulative_net_total_return,sharpe,max_drawdown,trade_count,excluded_years
2020,-0.2705479266203207,-0.10066071009590163,-0.7344661759338779,90,2020
2025,1.3115167983341092,0.249940256176441,-0.5958009001776153,100,2025
2026,-0.27095161727970907,-0.09020314574946708,-0.7246351249505394,100,2026
2020+2025+2026,-0.6462673697006073,-0.4474603049500896,-0.696114721790455,69,2020+2025+2026
