period,n_quarters,rank_ic_mean,rank_ic_std,rank_ic_t_stat,spread_mean,spread_std,spread_t_stat,positive_spread_ratio
2010_2017,28,0.17077922077922078,0.2704069071660851,3.34192163961027,0.06633459862754694,0.1670291692649424,2.101487447493547,0.75
2018_2026,33,0.0182933228387774,0.36363848996851506,0.2889879425849569,0.05179090901382257,0.19184425271076866,1.5508211330135644,0.5757575757575758
spike_years_2020_2025_2026,9,0.0737854737854738,0.3590085801464393,0.6165769666734157,0.1525601046803437,0.2913098339246916,1.571111788005581,0.6666666666666666
excluding_spike_years,52,0.0907967032967033,0.3291279032554405,1.989330993460473,0.04218130417123781,0.15093437141509128,2.0152713212960642,0.6538461538461539
year_2020,4,0.3030303030303031,0.39186712139776175,1.5465972340287997,0.39004284294313096,0.26074069214865714,2.991806455133242,1.0
year_2025,4,-0.13549783549783548,0.2440161093489192,-1.1105646742698188,-0.06060580025749086,0.13919085096021033,-0.8708302282714815,0.25
year_2026,1,-0.006060606060606061,,,0.05529277138053296,,,1.0
