variant,cumulative_net_total_return,sharpe,max_drawdown,trade_count,commission_bps,tax_bps_sell,slippage_bps
base,3.621084739339225,0.6311872415922518,-0.35641869371448887,110,1.5,20.0,5.0
2x,3.295537609823981,0.5997875338625206,-0.36289462127672334,110,3.0,40.0,10.0
3x,2.992337199537995,0.5681694567087942,-0.369318026239818,110,4.5,60.0,15.0
extra_slippage,3.4203776839871445,0.6120660186658642,-0.36045302405398283,110,1.5,20.0,15.0
