variant,cumulative_net_total_return,sharpe,max_drawdown,trade_count,excluded_years
2020,4.531930957982114,0.6554047312336659,-0.3564186937144884,90,2020
2025,3.400965347111053,0.593840396431052,-0.35641869371448887,100,2025
2026,1.6822147503621765,0.49091709783339643,-0.35641869371448887,100,2026
2020+2025+2026,1.2864344002129466,0.39330971769094936,-0.3564186937144884,70,2020+2025+2026
