variant,cumulative_net_total_return,sharpe,max_drawdown,trade_count,top_k,top_sector_stock_counts
top_3,3.0392157875926964,0.560272622258691,-0.37586185907696934,110,3,2/2/1
top_4,3.621084739339225,0.6311872415922518,-0.35641869371448887,110,4,2/1/1/1
top_5,2.6571825419024293,0.549349640382552,-0.3938242452818361,110,5,1/1/1/1/1
