metric,p005_constrained,d013_baseline,difference
cumulative_net_total_return,2.5457702903350135,2.5457702903350135,0.0
sharpe,0.5333654677635088,0.5333654677635088,0.0
max_drawdown,-0.3392346174957135,-0.3392346174957135,0.0
trade_count,110.0,110.0,0.0
