experiment,holding_days,event_count,mean_excess_return,median_excess_return,hit_rate,verdict
R001,21,1951,0.0010313307053897846,-0.01428783151513291,0.43311122501281396,WEAK
R001,63,1837,-0.019441811985751813,-0.045923468989003347,0.38922155688622756,FAIL
R001,126,1713,-0.06346304789328161,-0.10239709620207837,0.3508464681844717,FAIL
R002,21,370,-0.03440209552069202,-0.04256995144695941,0.31891891891891894,FAIL
R002,63,292,-0.06872904917665673,-0.08230458496742205,0.2842465753424658,FAIL
R002,126,268,-0.12315999664666549,-0.14205110888955336,0.291044776119403,FAIL
