year,signal_plus_gate_net_total_return,signal_only_net_total_return,gate_only_equal_weight_net_total_return,cash_net_total_return,delta_signal_plus_gate_minus_gate_only,delta_signal_plus_gate_minus_signal_only,gate_on_days,gate_off_days
2018,-0.297875452782253,-0.37817649479769,-0.4580781353479021,0.0,0.16020268256564907,0.08030104201543697,124,120
2019,-0.10972157673185168,-0.07380952693427112,-0.0841652968241664,0.0,-0.025556279907685275,-0.03591204979758056,170,76
2020,-0.26049304501790227,-0.3870658204411924,0.2187269658120603,0.0,-0.4792200108299626,0.12657277542329015,202,46
2021,-0.27516470363176115,-0.24860870189994622,-0.3589646546557286,0.0,0.08379995102396742,-0.026556001731814938,212,36
2022,-0.19039455672526862,-0.40700182397943563,-0.2062743388306677,0.0,0.015879782105399087,0.216607267254167,18,228
2023,-0.19372974693977074,-0.10636533805501192,-0.2927515135696934,0.0,0.09902176662992268,-0.08736440888475883,227,18
2024,-0.20211578753550818,-0.2061946854971427,-0.08876495506913307,0.0,-0.11335083246637512,0.00407889796163452,213,31
2025,0.8684959991028935,0.8831872982080866,0.27973844759766586,0.0,0.5887575515052277,-0.014691299105193067,236,6
2026,0.12848633469292237,0.1284863346929226,0.46247194654215895,0.0,-0.3339856118492366,-2.220446049250313e-16,82,0
