baseline,cum_net,sharpe,mdd
F001-A D013 direct,2.5457702903350135,0.5333654677635088,-0.3392346174957135
F001-B E014 neutral,3.621084739339225,0.6311872415922518,-0.35641869371448887
